"","ISO3","r0_100","r100_200","r200_300","r300_400","r400_500","r500_600","r600_700","r700_800","r800_900","r900_1000","r1000_1100","r1100_1200","r1200_1300","r1300_1400","r1400_1500","r1500","rTOT"
"1","AGO",0.000120984191293165,20.8062289909685,142.191796094975,161.865047625062,146.247305292017,88.3878145606871,56.7588200040364,38.2585504959876,27.3898458996028,21.5467707492207,16.4893205644961,12.5022441843766,9.4913806472882,7.35820867958912,5.84957185867781,6.39713929710039,761.540165928277
"2","ARE",3.40862485618935,298.1298683598,359.711122468119,231.101662924837,144.880144025882,92.6710480867825,59.5699272481744,42.6387242007542,31.5394555798046,22.3359163615297,16.3571420397786,12.4759109918841,9.57426567742724,7.81405098530905,6.53061061723615,7.01747120244236,1345.75594562595
"3","ARG",2.30320684614952,51.7303707007836,58.6500693627213,32.481994254399,18.7394567960948,10.9209675571606,6.36725625488456,4.03994145538608,2.80779681802648,2.00982249211369,1.52029781293002,1.20945179091456,0.991076474237962,0.841971362057729,0.753646255465991,1.07156547600678,196.438891709333
"4","ARM",4.19089297240872,54.942531464771,59.0664832656183,31.0126743631433,20.3036969628938,14.2965314585233,9.60450121966917,6.93007328129228,5.04315730265153,3.73880364086331,2.93361988854145,2.44722961139602,2.10611179634011,1.87781111783479,1.74307112386785,2.58220632182498,222.81939579164
"5","AUS",1.37184616519776,24.2675833596542,32.9715631143828,31.9752344157137,24.3080835930698,16.0061024956687,9.82642319910037,6.56459198107321,4.61683351666874,3.31005079253755,2.44042934661894,1.87545196461148,1.4794321549995,1.23848029704494,1.08834393025561,1.47446248667177,164.814912813269
"6","AUT",1.01349533961084,25.5975909551824,22.3563833476285,14.4731614633315,8.98569176376953,5.85326422593686,3.63641810407881,2.40017960278244,1.71622050338831,1.25061789632457,0.978248299585601,0.797848909913839,0.649485149179351,0.568745340403403,0.520476893538738,0.884532732650215,91.6823605273049
"7","AZE",5.27393666841236,117.992426685597,131.579629854256,84.0173060627607,46.3293588604961,28.5483214597799,18.183210279764,12.8016779347901,9.30826279944523,6.71250947588627,5.11697850777275,4.03533370107591,3.28207883612222,2.74321599349628,2.41628354786939,3.22497621879722,481.565506886321
"8","BEL",2.98185045531923,78.9516858653744,74.4765869388808,42.3051712715639,26.2063487140639,15.8122090070262,9.06423907194533,5.64622567263458,3.84123843443272,2.61070603053539,1.89560307137819,1.42894243697264,1.11825946075373,0.936340370309866,0.797193974138013,0.839766439631669,268.912367214961
"9","BEN",0,0.988392109218049,4.15575574667952,4.36425340473663,2.29610329934841,1.04064189066068,0.515061377013469,0.291034673030775,0.182947435583819,0.121550254066212,0.0841115245711795,0.0599895071111637,0.0473264408712344,0.0377179939767781,0.0332470079986409,0.0455733786711488,14.2637060435377
"10","BFA",0,99.9044629680361,204.812844018263,155.734495349573,83.6725413602458,44.2393406437518,25.2439149396301,14.7963026749503,8.71986829079706,5.41496231379496,3.53501694162965,2.54256803964523,2.01967703605799,1.68588843237997,1.57567149751656,2.01311580641083,655.910670312682
"11","BGD",0.0200221919880684,34.8634406483177,67.6364638973436,53.3590543671143,29.5929624842165,15.5678705558538,9.80424980176137,6.70448368633022,4.80713235374036,3.54262030662627,2.69608488427215,2.09988051145787,1.66979315642757,1.38212933654791,1.17926554510754,1.50498162057821,236.430435347683
"12","BGR",0.336766428837619,11.7686702084831,24.1229287938103,28.4521641193024,34.6968905421595,27.6054188273825,13.1509996528922,6.1207699488117,3.73878060490356,2.51648760705607,1.87622688221921,1.42917615975138,1.12866788990823,0.907722932800716,0.780010124063256,0.807947861467522,159.439628583849
"13","BHR",1.37686687996289,142.538582620825,160.589507992935,91.298228608132,48.4431635039859,30.9893878141466,20.007781733156,14.7654660528371,11.8301960016557,9.30623699688524,7.48309102267568,6.20905827177713,4.9202349894189,4.18544008645788,3.59097691294489,4.30474113622723,561.838960624023
"14","BIH",0,0,34.145660863384,60.0789557926007,55.7850642089634,37.7748802009204,21.0686719719281,11.4619103378859,7.6805564489686,5.90496598545475,4.60813768652469,3.75459788562742,3.090806141294,2.58598422774647,2.17185407570993,2.37447238045083,252.486518207459
"15","BLR",2.19984712178698,145.477667752809,208.818686441404,230.656362646327,191.22964843403,100.950433155188,51.6329226837325,30.7015877165591,20.4190803868257,14.0709363846102,10.1033501951434,7.58484928829443,5.8532751730726,4.79059799153286,4.15527439047413,4.9264117552738,1033.57093151706
"16","BOL",2.85120045987822,40.1098590728441,45.9284875592377,31.4683720242813,19.7133778376816,13.9093596568481,9.46191221185491,6.88451555079054,5.19165287067266,3.78943987142656,2.96505028978651,2.45760440785317,2.11122256085848,1.86526733466645,1.74814304002305,2.81301243986949,193.268477188573
"17","BRA",0.0488296914664327,13.0913257061274,12.7001299910867,6.63480145389093,3.86795683872636,2.33272329667949,1.4739839408757,1.02254535320478,0.748931223822857,0.553255210735069,0.429702538699879,0.348353476120564,0.288740705758244,0.249696590748082,0.230067079263312,0.373728434889048,44.3947715320949
"18","BRN",0.00248637690701575,4.4358276238869,11.4580495947653,18.6225995670857,20.5096935841909,19.3125781387608,17.3148823773922,15.6170950133455,13.6259412198017,10.9480178933019,8.56718177204956,6.61386684719777,5.02909714327381,3.97435761511312,3.28579679666019,3.78624467001027,163.103716233743
"19","BWA",0,0.515041776036385,9.49147361212341,11.3723210534866,5.88531303255434,3.33463875711976,1.70161111132623,0.869898069150035,0.522083816170275,0.333694164117589,0.220207245411985,0.159927808025916,0.117127163365488,0.0895938114234496,0.0723023476202446,0.0715506832676019,34.7567844511993
"20","CAN",1.63825285974582,38.0248630580376,54.1005699910641,38.4779054713657,21.6189026819508,13.1038371169222,7.86300828966175,5.13542680671828,3.61361452272042,2.55029776057214,1.87681844400301,1.45946809229635,1.14991155573161,0.94862189815809,0.831794770991924,1.07616194663053,193.46945526657
"21","CHE",0.378999169769066,41.2401849779059,10.5494775948868,2.34512291389888,0.928611065553671,0.410932763972293,0.221880315360122,0.130301679805283,0.0819471745031581,0.0552064123123495,0.0410978478894705,0.0312151253674661,0.0253059343547332,0.0211441481059786,0.0172994813078025,0.0197562550391266,56.4984828600321
"22","CHL",3.42078413562227,62.0201924695461,46.699520961627,22.6477970395514,13.4899831055424,8.09640116772584,4.42128996407067,2.64184586477487,1.78526332150673,1.23861115385292,0.892980807112345,0.684220875364276,0.539429898304788,0.446940181086703,0.39040222642166,0.515219833170077,169.93088300528
"23","CHN",0.121201619810431,8.20364104993639,37.0578525527032,42.0568051463318,25.7620253323644,14.8872584655203,8.49276194173056,5.44459536474403,3.85512678383392,2.73555590524825,2.01603265982756,1.55937067913113,1.22332230436023,0.982151419729087,0.81860527200613,0.847762582225387,156.064069079503
"24","CIV",0,13.1191992450235,23.3884977226955,26.3064588082825,20.2552715146807,14.0923091419921,9.49928167636789,6.51411119825077,4.37775455094855,2.7741996439824,1.88157235986821,1.33647535700829,0.939824407338875,0.712759139450713,0.55650989035561,0.514171943733569,126.268396599979
"25","CMR",0,4.89796749569211,32.986543370465,40.2135131498476,34.2908913531978,21.3019425138272,14.9058634921707,10.5718718084024,7.30962044618579,5.1201427922566,3.69272280712682,2.72113795783818,2.10735311010166,1.69171943468961,1.38296826088313,1.58921484432505,184.78347283701
"26","COG",0,10.6532750874921,33.9757684081439,41.0699299568874,24.3158162525493,20.2653300507997,18.1275369410144,15.8637981649978,13.3101761399885,11.0802159474842,9.20489271243589,7.69117528409475,6.40175683785414,5.3393882036321,4.58214757961037,4.86473752281618,226.745945089801
"27","COL",0.563608801892531,15.8294541186166,21.9790416688299,18.5385964278752,11.5153409797824,7.24502341756271,4.9956544517999,3.76163322573202,2.99982262026782,2.37795751821002,1.91815245174313,1.59834405591313,1.32501743144391,1.1415471544071,1.03672868609836,1.59968706243836,98.4256100726131
"28","CRI",0.257260923002013,6.3556175854365,7.73198260026154,5.94640404813303,3.6651049066876,2.03673458803538,1.18833002888579,0.70347763978086,0.445895661655545,0.291185974305728,0.200945289462029,0.155539493880479,0.124564788061443,0.103460358666217,0.0888522501641107,0.107267508372392,29.4026236447907
"29","CUB",0.45900223312002,120.297738501968,185.167793839698,126.024729562761,54.6142986756501,24.9121622121186,15.1018105536185,9.13196244171045,5.65991779902775,3.61707310805334,2.40491757933414,1.65151699942324,1.2161260152447,0.913652388827469,0.743681751277597,0.810245939854019,552.726629601687
"30","CUW",0,11.2534160972415,26.0395049720773,21.7145703240635,8.96422869943219,3.25116099030844,1.62961212478426,0.95618145409332,0.599149809711491,0.41053671740546,0.307781138843916,0.241638046269255,0.195816996382025,0.165946413797514,0.151563489445597,0.229107210350722,76.1102144842065
"31","CYP",0,36.9478850753574,78.0937303631538,63.3300891798678,34.2012402611876,20.7951936096299,14.0334363267355,9.92071400317639,6.9914506196146,5.15546651434525,3.82521301183302,2.93154709199381,2.32922887339988,1.96647575528361,1.6734879121591,1.95668320001513,284.151841797753
"32","CZE",0.0514712601437508,12.8149950526433,48.9407396926246,53.0629961613898,31.7371791993928,15.5690946580659,7.68673506708199,4.31999301319819,2.81410910915334,1.95221363776561,1.42789284617623,1.05628149407678,0.786471821424352,0.611836906040256,0.494535395881232,0.470944614778414,183.797489929837
"33","DEU",2.20840503842514,72.193652455693,105.397281081039,75.3305512087284,42.7813737044228,22.929473055115,12.3239964887271,7.50760456574593,5.0803284501213,3.53717147748915,2.58947435993906,1.99213590793057,1.5617077753146,1.27185968415567,1.08015810179098,1.25319949886121,359.038372853499
"34","DNK",1.95478058857982,29.2754787471149,25.9606623852181,18.2874202701698,11.2788997194791,5.35945983597738,2.39477935846393,1.33763761217301,0.873475989194351,0.583511655409358,0.412797440918626,0.305890303152814,0.231695125205868,0.1847854381731,0.155214231922618,0.18244112331538,98.7789298244683
"35","DOM",0.0958353163991427,27.439852636492,50.3524509382866,39.0985729430594,21.6819712960139,12.0494069304317,6.93266272198263,4.22628591468161,2.67770180550126,1.7170398175402,1.13579288358411,0.824378268083564,0.628626102851962,0.50439676492881,0.42724961258764,0.581234687650511,170.373458640075
"36","DZA",8.5309481332109,163.800968573828,179.49745230436,102.364768486981,60.6687011243844,37.6352962714549,23.9772488962815,16.8712413017495,12.4861703771701,9.18411486644989,6.9336099393529,5.49119160017257,4.43635917772539,3.67394464844142,3.19903605372837,4.03431227964622,642.785364034937
"37","ECU",0.0048449090297084,3.25205346267186,15.0823843516912,18.0372969621873,15.2813609564612,10.1761445160184,7.33427689741604,5.15889691267712,3.37255366952438,2.34947786583763,1.72179784173069,1.31944471562668,1.08523832626207,0.934786183101166,0.851912834934719,1.34049891247513,87.3029693176454
"38","EGY",2.30565974802505,188.90252572914,237.499489390302,157.29764296459,90.2897233608394,51.3545040022928,28.8112775928884,17.8866766560381,12.003064771061,8.11036962899186,5.6639388868745,4.15442334858995,3.0878118841382,2.45447875443776,1.99370306368806,2.05900440914695,813.874294191044
"39","ERI",0,49.0081910395159,115.796728057296,87.4368649288361,50.1577565538861,21.139522624647,10.091638727763,5.64177654323996,3.61988945869526,2.45894931766501,1.7500692173927,1.29296409477555,0.995013320411573,0.8321927014003,0.705862275944136,0.767634368344715,351.695053229814
"40","ESP",61.5273041040432,57.9585782469466,59.8691434083736,45.6135398596151,44.7807042730851,32.3637248643907,19.6309121790291,10.6003166826769,6.30979030839237,4.20169848044581,3.10268819878042,2.45823953770353,1.99081651155231,1.67398258800581,1.45722308057747,1.81193347529115,355.350595798909
"41","EST",0.99237396653595,42.2317443614945,38.8756691909582,40.7090417583189,32.7143987278249,18.6278691958064,8.63476216040134,4.86612174891473,2.92868017167566,1.93098635676334,1.40471289984103,1.08618124160184,0.838045591266334,0.672562879097707,0.565700302634447,0.566749138287266,197.645599691423
"42","ETH",0,0.142787506234805,0.345397010799279,0.29598828259913,0.154966234397004,0.0834995659879651,0.0472959660128653,0.0282901031218337,0.018072000887684,0.0125618750135866,0.00906397371646082,0.00649451866332175,0.00469984933705132,0.00355419057435608,0.00297881933305874,0.00335582979287968,1.15900572647128
"43","FIN",0.993597384758438,20.486789947336,24.8838750946242,19.5291499799847,12.6385401230078,7.05601384324096,3.53321133111964,2.0691248602807,1.42498345201306,0.986515054498557,0.707331872852358,0.528407007389151,0.401020864489841,0.319430770229681,0.275278712631689,0.326231308463109,96.1595016069199
"44","FRA",0.55714136665813,24.7850904321971,15.6758698678871,10.3460787235042,6.21660853737428,3.32432525891634,1.84184783522916,1.15258445729851,0.80428434116224,0.569060787047388,0.419391718024035,0.326658072172778,0.256297020268298,0.208994116484406,0.181233002115843,0.217094624610916,66.8825601609507
"45","GAB",0,2.99468590261825,23.6907229250109,30.6091783005918,31.0598870952599,19.3138052071068,12.591442035342,9.32058626989762,6.4045193657588,4.41775629188648,3.10087303208177,2.19243442359122,1.60035481633142,1.22247390945403,1.00865145716795,1.12557332032589,150.652944352425
"46","GBR",6.24895243529939,85.5618366063287,117.646683557956,117.977538769587,64.4325804087224,25.8190143816679,11.415545679407,6.51643875622371,4.13076718241724,2.71913474474345,1.93791598591525,1.4240784067377,1.06453277976077,0.841072847815797,0.700516972230659,0.762888344013178,449.199497858826
"47","GEO",1.622870516149,38.23672963569,39.0533845783119,16.4373136222321,9.87612735769823,7.62475267478082,6.01811799247758,5.10786711563876,4.45596888825897,3.68889148372815,3.10806556302075,2.68417842372875,2.24648267108686,2.0403433875174,1.78825667043175,2.35697811360063,146.346328694352
"48","GHA",0.00212450317721744,9.59365347845003,110.267636552868,135.423282057549,106.320563863846,61.2801428657023,43.1587568749312,31.5159787715514,21.2994103218874,14.5419080654801,9.66463393757204,6.80425366021819,5.02503641750378,3.87587679693466,3.1501797642662,3.83051277594648,565.753950707885
"49","GIB",0,8.30929208413184,22.5134045240509,19.8416913914974,6.87610650904324,1.96497804663288,1.08146442271662,0.575625609185808,0.285131808215215,0.150431517071286,0.0717074939427207,0.0439842810301493,0.0287024458824634,0.022953935800049,0.0169389518936387,0.0121137209659469,61.7945267420602
"50","GNQ",0,2.25821235502082,15.3637264283327,21.4411438058942,22.2273353944421,16.3313041767607,11.9688852406565,8.65254733470943,6.4021818967874,4.83861573327554,3.6013151871282,2.77712553016626,2.22946463927848,1.83398561195875,1.56879379013233,2.44941271598511,123.944049840529
"51","GRC",4.17798090885113,91.4284611967489,202.79532011311,185.354644016355,105.230559476186,54.2545198257231,30.2489198003932,19.6294622979,14.1459385931405,10.4870129768568,7.75409262538281,6.038924955929,4.7642574565879,3.81933072335385,3.13666652855466,3.61082209750938,746.876913592583
"52","GRL",0,1.25080738024866,2.75957834133159,2.36118256094602,1.39577048021053,0.835881263095548,0.642062700388901,0.516766605392481,0.383850320407099,0.279295715327978,0.200010011151716,0.145103846722595,0.108127407568321,0.085781978607034,0.0715017583876208,0.0649859058967809,11.1007062756829
"53","GTM",2.34640526642027,50.9626146170431,29.7696054269783,13.3831203760376,5.93567694835814,3.02581115551932,1.55517185502531,0.90259094708695,0.560114470063906,0.360651191037628,0.242102442555476,0.177736983076432,0.133675758415742,0.103778605584182,0.0881011181367181,0.10153049366803,109.648687655007
"54","GUY",0.0482251617340747,21.0326661220265,36.6339117312773,23.9949557055037,12.0705089228424,4.68243642348437,1.60870818747965,0.849705911529407,0.42271811092358,0.229629200592042,0.148982728282366,0.0802898536653634,0.0524471583480909,0.0390532465537448,0.0303219402521273,0.0338784996952236,101.95843890419
"55","HKG",0.193110407690853,12.1283204838231,29.0919257363891,36.8240712699506,35.0465473003824,24.4074339184375,16.6201236957839,13.2560758501895,9.72168307580172,6.18062440654301,3.98657565348005,2.71146647653965,1.90153890923846,1.44170679035455,1.14584926121673,1.24928063337959,195.906333869201
"56","HND",1.10301086849616,55.46656548029,54.0116053821295,32.4185921878273,18.1232239800153,10.3691642021331,6.42885578748033,4.21212389536968,2.90489458929374,2.08480275638749,1.57336404691587,1.21749827440614,0.97182223937767,0.815818221775228,0.713477915716555,0.903361652422248,193.318181480036
"57","HRV",0.189719155440608,9.30571590544097,11.5395740311129,9.90864613574945,17.0679411940529,15.1256274469599,7.61241758778599,3.68372795894608,2.37240006212835,1.72136114924279,1.38068317967872,1.16301760937789,0.9697782802882,0.850143980178431,0.80271930914315,1.34054956568977,85.034022551216
"58","HTI",0,1.59632998562494,14.3084324445361,15.7169191223431,10.6442090767712,4.90884858334603,2.9869006212956,1.67056353809625,1.02508066902652,0.689852884226901,0.483824117927254,0.339807749190655,0.256102649212523,0.197209851451709,0.157057344840001,0.134703895112172,55.1158425330011
"59","HUN",0.884112228387351,90.3911206269359,99.1089443226423,59.3473346232726,36.7600661020898,22.8661975677312,13.3670831850389,8.4388207201193,5.98485298849319,4.35839408480344,3.32103673352367,2.6455535432132,2.1439959533214,1.81391606017752,1.56643159822989,1.83493172327885,354.832792061259
"60","IDN",0.0777719782051427,53.5425635884925,87.7010201130933,85.4558484575824,61.5949080661159,44.233667542065,34.5081911663949,27.8529747295482,21.7827874450702,16.3276524194844,12.3165904901909,9.59324550306433,7.52956006773773,6.18396957822461,5.29654252216126,6.33517361850074,480.332467285932
"61","IND",0.0946898348809377,8.70448958339431,17.4484671961005,32.4357117430974,28.8416852241174,16.2961707733818,8.25852514556933,5.22557196104808,3.71508504794095,2.77065801031585,2.10089454632797,1.59522059363523,1.23256587439994,0.977992769718739,0.808666754298678,0.927615729961453,131.434010788189
"62","IRL",5.67212509904434,63.6017105270698,62.7535429989441,44.9829407458449,26.1441258506241,12.7860396688284,6.39439125874173,3.74011769223614,2.34735934496305,1.52600412771002,1.08733248535554,0.819047931582847,0.644511721192872,0.53815041020321,0.47262055964621,0.582876427202827,234.09289684919
"63","IRN",13.2836270319164,240.757350979683,270.768952474784,140.961863053655,84.9459589685363,53.620703696629,33.495017420207,22.9742785117999,16.7316711182092,12.1949198213278,9.27350160283193,7.33086645849761,5.93739934879102,5.01088955556551,4.397736603678,5.73010660935079,927.414843255463
"64","IRQ",1.84908598617595,200.591261966384,262.117665617509,124.120026860246,66.3366921903936,37.8402540946681,22.9188752569853,15.0848647406044,10.6602968201683,7.68586685419641,5.72291390465518,4.41352203671683,3.49764519695296,2.85314673154712,2.41330113853535,3.07034725531684,771.175766651055
"65","ISL",0,0.0181542081277001,0.0271455989048767,0.0153020581681331,0.00453038609207318,0.00144494991375213,0.00087034848108618,0.000575941792672473,0.000358546805852363,0.000230619339837677,0.000152582733333376,0.000100305764655873,7.125292739576e-05,5.10647646748007e-05,3.99144872735615e-05,3.57902326001828e-05,0.0690635685359175
"66","ISR",0.481210012857069,23.595062637254,31.2718267947494,28.0335584070531,19.2695522683332,12.6720567292483,8.15310233674642,5.62613505820026,4.18025619107126,3.0558417906111,2.27353602779333,1.7419985525823,1.35209416486402,1.08351929165837,0.921053429026961,1.06183601100505,144.772639703054
"67","ITA",2.95747660566723,81.069126682097,89.5764107260228,51.8597154440151,31.8069498709252,19.3991842681405,12.4599071170992,9.14449331412706,7.18390097856921,5.61719409504897,4.5339287405666,3.78465516518333,3.19160934180248,2.76769772876983,2.48861238184783,3.47505562919931,331.315918089082
"68","JAM",0.00318068801728476,21.7993331876948,43.0327473410331,36.2544276032511,14.7704803736235,7.52385092816928,4.5129923458296,2.23097388639406,1.07466788833888,0.537244242786414,0.285072328114822,0.165203162227533,0.109482335374143,0.0882795910589983,0.0681477552615785,0.0694947728956248,132.525578430071
"69","JOR",1.48932597988439,120.03057673294,164.578741262165,116.008147945126,67.4512579370325,38.9915315362035,20.7023878769192,12.0458495392841,7.689009992095,5.01087551998581,3.43393806000079,2.49018683435275,1.92917287038629,1.57648199162887,1.37756767783416,1.68060610676124,566.4856578626
"70","JPN",3.22204067061005,29.8140298500777,33.6227580887199,28.8041652742585,20.9259028357142,14.7620924714339,10.7996573080676,8.28752467531602,6.06747543956923,4.22572570720935,2.998436122507,2.21858465789771,1.6471406062576,1.29424019086492,1.08738326867928,1.29270445473669,171.06986162192
"71","KAZ",1.33104015736929,37.2179762103699,72.8017874907705,65.4560146811697,39.428218221434,22.9102931367192,12.6532470113724,7.7170841075387,5.19673842251455,3.61008834901267,2.59308719320478,1.95190234183818,1.47957745743241,1.16400221666647,0.968778807323915,0.988642277418518,277.468478082155
"72","KEN",0,13.5489145834682,65.2369896369083,65.4285871998555,38.9613204883869,16.8870173867903,8.80212300289821,5.45342076362337,3.66178967433128,2.62719562310422,1.94296304547108,1.437240148554,1.11207866029916,0.902766817802591,0.772525737122826,0.893681522811947,227.668614291428
"73","KGZ",0,0.840323869402014,4.65724909088012,4.77760378422373,2.6227266776446,1.46537233765245,0.8804662354282,0.574776746648897,0.409926612033581,0.303147444124223,0.235599560087099,0.186818337956382,0.148221558954641,0.118609513395014,0.0942074080447243,0.102914162966787,17.4179633394425
"74","KHM",0,5.80051336479724,14.9023545763729,15.7981121704885,11.4031241361717,6.80022135377505,3.67829811212024,2.12077491320093,1.47975940287244,1.13684852501226,0.880900036873074,0.655087725585359,0.472764134780319,0.351932929391968,0.26539996390773,0.251187309120795,65.9972786544705
"75","KOR",11.9111612492749,254.860651535856,331.675828282116,283.70852075203,193.549962923934,139.285535608562,100.324430236519,77.5936030070724,60.447948876186,45.0995189447451,34.340952226749,27.3404526519187,22.1404801571904,18.9830336166184,17.0501260643409,26.0738141597582,1644.38602029287
"76","KWT",28.7387956517006,393.788824588319,450.934570961559,215.959123871723,102.896224178022,54.9449253578085,33.5808373577075,22.7505360142827,15.8026628699723,10.9485838916777,7.75728603045578,5.64280914660315,4.24522106303176,3.37784102382591,2.8046749499817,3.20099781828168,1357.37391477495
"77","LAO",0,0,61.4257632614223,83.1825642776192,57.8951697722202,33.9338978518074,20.8866901657769,14.0037047412041,10.9612281270787,8.5470808517912,6.65152937551734,5.3955639808996,4.54467256575453,3.88399232751211,3.54838569732455,3.59165184700878,318.451894842937
"78","LBN",0,89.9604539168106,183.268916246813,122.266770644174,48.4911122675809,18.8454286699974,11.0731080993738,7.30885702838339,4.6852719200878,2.99058399003624,1.97569349945977,1.37817432915036,1.00996346274716,0.769525116413407,0.6280207305567,0.639802864375002,495.291682785959
"79","LBY",4.43044603613666,110.646311323328,139.615401392856,95.2224404314231,51.9627825828921,27.927711437996,16.8882636464384,11.4408374887795,8.00399280466569,5.37924583204701,3.74931997837608,2.7098386992715,1.97843087882049,1.52664823457662,1.2190357967437,1.27285112931157,483.973557693663
"80","LKA",0,74.013400038356,135.405249343437,101.571631189064,26.5277172133885,5.3867400104952,1.89007161335012,1.01678699795272,0.607490294447953,0.347546022632976,0.207732676560844,0.133036381978407,0.0916492641758045,0.0571530501052552,0.042207100521129,0.0757435478142922,347.37415474428
"81","LTU",2.74599296846866,104.868322868131,94.2117986142445,48.4226873596877,28.4452242517737,16.8685522799651,9.88256519774611,6.43981046602715,4.62056999599932,3.11471152121599,2.21430778104821,1.59351288415563,1.19109312936581,1.00059346908633,0.859524308073645,0.890583304576377,327.369850399565
"82","LUX",0,35.853460304516,5.6098161566293,0.879805825231606,0.297580070126088,0.0903641788763869,0.0251937614325546,0.011559040837795,0.00433247416145228,0.00243132940776275,0.00120342112213886,0.000502351701953325,0.000502351701953325,0.000502351701953325,0.000502351701953325,0,42.7777559691489
"83","LVA",1.08773550674755,20.9728257467833,24.5600642292193,17.0163437344266,10.7889128624096,6.74250159192366,3.98995234653768,2.58936457725476,1.85158893777682,1.3148330433354,0.916320066943279,0.695023761471456,0.50218320016761,0.413382554722314,0.367794555579353,0.415407262684052,94.2242339779827
"84","MAR",0.25019762376055,11.3040996404489,24.5400945512455,24.5098842083677,16.9464377957506,10.1432525845722,5.14141749480741,3.02577384372534,2.0139342447709,1.4336973938391,1.05053058928779,0.806315030153669,0.619199784914529,0.501258938311991,0.419105301435662,0.468761406472287,103.173960431864
"85","MDA",1.03778119399669,82.5969547237143,107.321799481792,62.8185361513767,47.332980936929,32.6431845904687,19.1292533744764,11.6157261824018,7.73418544365734,5.16818849271887,3.89998788255819,2.99664248328588,2.27366133332648,1.74668083148618,1.40232970461223,1.87573414201622,391.593626948818
"86","MDG",0,9.02694324421449,40.0105673334931,42.0338001688714,26.3410585362275,14.8193341697481,8.41191167627464,5.15337294838397,3.46712548746161,2.4328127770737,1.79261554926018,1.39098413069754,1.15513766404055,0.982990650037975,0.85439588137398,1.21447457882396,159.087524795983
"87","MEX",4.75368118433418,55.0505228707893,68.2605676640085,47.206067816308,30.9633539190781,20.0073883098532,13.106691026542,9.0514681861376,6.36659854383959,4.54330946285253,3.35423620944056,2.57816183912599,2.01825487667982,1.6727037320827,1.44671563362805,1.83721757109842,272.216938845799
"88","MKD",0,0.480569378283946,26.1947462303999,33.2077674243732,22.2499859138406,11.7076008912103,6.02179961287574,3.79203034458789,2.88449954206349,2.33216187473734,1.95411916148726,1.62878635297529,1.34442063190758,1.10009200141775,0.947799242382775,1.00644325881359,116.852821861357
"89","MLI",0,59.2326121678457,114.664882685803,89.0202619260616,44.5531033341195,26.4985316221237,16.7840428195833,10.9869087821186,7.36858709340676,5.37938495173769,4.05074438217839,3.25906950016369,2.64252421920228,2.23425513045475,1.99493899471028,2.94411335117444,391.613960960684
"90","MLT",0,0.184102080032855,0.437355894570667,0.402154126131638,0.223755809309623,0.139895298355725,0.116102056219867,0.0961272503898873,0.0742097665122575,0.0526805126811165,0.0352381024552625,0.0240130215740843,0.017686530773538,0.0136205903808008,0.0109513922783889,0.0106532653852269,1.83854569705094
"91","MMR",0.151481337923433,23.2549990357657,31.7738016607688,25.8405454053466,16.7976554605943,11.8752219123238,8.20979419968576,5.99701247309815,4.55466102965045,3.50915280500784,2.83072299811919,2.3297909963426,1.91167407133198,1.61690655329987,1.42176451384247,1.8723128153762,143.947497268477
"92","MNE",0,0,57.845056464902,74.2556640350955,50.0573834089286,29.5121910528131,16.3296177248684,10.1045762218886,6.88851573440169,4.88186313834388,3.70589397404614,3.05587747731621,2.3949277569878,2.09502004804622,1.88034207220851,2.37999820104124,265.386927310888
"93","MNG",0,3.44644185773209,46.608875403056,52.2854663842397,26.0424152680888,13.7346317674966,7.31494014530037,4.08935817238446,2.55031611219758,1.71374033830343,1.19899918981344,0.912748174546626,0.7236836821884,0.554577221708388,0.44330319874869,0.45852723825477,162.078024154059
"94","MOZ",0.392207863331288,22.7769951014086,39.9519307998711,30.0260310952775,15.0883826685593,6.75312142638786,3.75840268841028,2.38067796421235,1.64957369233904,1.12684117413815,0.831613440648065,0.61878560499379,0.483751757825675,0.388913331114851,0.335315023828995,0.380999950073826,126.943543582421
"95","MRT",0,155.668480410175,266.549705618684,152.15460963582,61.106043895071,18.3842120612515,9.67770213294405,5.48409868019428,3.02952005315948,1.82746461097547,1.22639690643551,0.771765366513299,0.554725168062356,0.381001325505349,0.259508046768994,0.250070680040626,677.3253045916
"96","MUS",0.231578389641063,27.953119023665,40.8302151112207,32.100007860936,15.2493488762787,7.49053877736955,6.0769963029463,4.40252884071686,2.63676935475834,1.63108991070299,0.903950888455595,0.595619758539405,0.437944761297197,0.320125468811084,0.247264461467299,0.280251028350173,141.387348815156
"97","MYS",0.00223166961986802,15.7991396261966,34.314077837717,41.7897637119676,37.4873247301188,28.8087387034136,20.6136001833977,16.3694860636646,13.8459237986173,11.5180716135587,9.57084113375898,7.9673411305288,6.57302540410029,5.56250738390606,4.83422140287219,5.69863127151417,260.754925664952
"98","NAM",0,0.00934129419270148,0.123946059669974,0.149433196780697,0.086611436375966,0.0471172716762575,0.0253898689177342,0.0139399798680435,0.00831626056749476,0.00537704874735033,0.00368058746927515,0.00269772617761622,0.00196013902851519,0.0015317641073958,0.0012018020474385,0.00135271708721884,0.481897152713679
"99","NER",0,12.0802122435741,22.9489445092743,14.6907283332249,8.62399305020878,4.34636266820587,2.23053439269602,1.2019730412868,0.695767254795538,0.427504698249871,0.283142411020867,0.197110128079927,0.14836483181587,0.113665781608488,0.0885313543395612,0.0801579688782879,68.1569926672591
"100","NGA",0.021687099168035,12.2823164119511,18.9414851457022,19.2337503302714,13.8611275552799,10.1455105455998,7.31038497654635,5.49200065907922,4.28746302992071,3.3246918365152,2.70325760089004,2.29281449887191,1.99428029482622,1.80132553670739,1.69991071791348,2.78350013472339,108.175506373966
"101","NIC",0.692238947472009,47.3425201860963,42.2249693928224,16.6663957602671,5.49175450823657,2.75227920756432,1.53303522910457,0.782398133377632,0.470333926917689,0.30778086043754,0.199730453056597,0.138900828351171,0.0994423830850107,0.0756626184373989,0.0623879298874774,0.0847903614452685,118.924620726559
"102","NLD",2.80401524412988,64.7190019447559,58.2310331374056,39.5049004700981,21.4944431025879,10.6154437358795,5.3860295303664,3.30766475888402,2.21536623205501,1.4300001988845,0.972564368823938,0.692409659923592,0.510564923319168,0.399497988552439,0.328719862574038,0.324790104734909,212.936445262975
"103","NOR",0,38.6511286334763,14.9391523278102,4.51964921649221,1.79645617481289,0.794128659920945,0.45235804179225,0.269821199819102,0.184622556732937,0.13919164334555,0.10865893818096,0.0895934274832705,0.0740250470722971,0.0646586495617978,0.057207937527172,0.0668253944529861,62.2074778484808
"104","NPL",0,0.0145485992303367,0.0213733964531308,0.0120378683339979,0.00642070334233333,0.00434890940859293,0.00311275814532028,0.00214969960665147,0.00155166865237244,0.00116427734568475,0.000832672349973244,0.000580009631926647,0.000412741997358023,0.000298381356492315,0.000223105803392502,0.000274297286447718,0.0693290889440112
"105","NZL",1.54477949448915,30.5846824190366,37.210842066784,27.1699149880086,17.9627115717421,11.968239307576,7.90077828182979,5.50782131311861,3.97978497558476,2.83671050557439,2.10938591416439,1.65527445565021,1.33363091033928,1.13294434780784,1.00979105684809,1.49142738787152,155.398718996425
"106","OMN",4.03432048042713,60.5826363821176,64.849253315841,38.7048289466252,25.1730525278571,15.9470212461892,10.347224469376,7.40038532216776,5.46773470515654,3.91252411099889,2.94683044184927,2.31491974271221,1.82050178295201,1.51183539040461,1.32935214295774,1.73216022102823,248.07458122866
"107","PAK",0.298506979123031,51.8386581814829,74.9573164262673,46.1037448685285,24.3053112596814,13.3709276341193,8.45381425379046,5.71923602430849,4.06914192711853,2.97951820763742,2.23540011946928,1.70778211575368,1.35337145327513,1.10850587215656,0.95436277937093,1.29741604992879,240.753014152012
"108","PAN",0.00113352660038253,4.54942890540993,11.9746246748081,11.3396859182859,6.52282073980094,3.25820871541223,2.02915463813724,1.47643219695671,1.15029017234383,0.907810291472154,0.705500462862675,0.542177500567582,0.4308140413203,0.353270573288914,0.309819302283038,0.397844388976099,45.9490160485259
"109","PER",7.68651380563827,41.3979776084057,39.6885439720714,23.8999496681737,15.429382315486,9.99205260366909,6.65784058261824,4.65098507620625,3.3395977328699,2.4457478031547,1.87190013020701,1.51192975117538,1.24152931172408,1.07801539445001,0.975142774760697,1.48997256791955,163.35708109853
"110","PHL",0.0510794993991901,7.47933755419841,20.3579965956016,21.4951331617749,15.4936355041909,9.24094953717523,5.91190243436541,4.2514474769795,3.14493853307019,2.23531503053209,1.57948745593456,1.15580729490887,0.858447067234292,0.66263402851013,0.532559904943309,0.560242283321045,95.0109133621396
"111","POL",0.0760912395384927,3.32235152868906,39.4714767477007,96.9826359680099,97.4716552283276,62.4437539623237,31.8972404424968,14.8061118961644,8.69476692168424,5.87399724719531,4.09082955191203,3.0057373424852,2.32183068598423,1.83543799551749,1.49306870399804,1.41901066466709,375.205996126694
"112","PRK",0,0,0.622309622723913,0.827261826427554,0.590474540107065,0.318207144851484,0.154584084955979,0.0903201499061443,0.0627000840431428,0.044435618996252,0.0325978714057955,0.0251115195266746,0.0202548676065505,0.0164468416192208,0.0136257561292138,0.0151025359898911,2.83343246428888
"113","PRT",1.78188519136368,44.4837485362723,63.661599107311,53.543091340137,33.3584489615675,18.7302101221256,10.8188500366154,7.02405582982289,4.60334707155927,3.1167602660596,2.21433695986317,1.6652929312039,1.27381800255169,1.0366461641471,0.889264309193455,1.14499338221393,249.346348212008
"114","PSE",0,6.27759222325937,21.3596737083971,20.5673691349413,15.0220890102432,7.22282068897325,5.32791367466129,3.84208760339566,2.64556979769536,1.81213082402519,1.27498882777207,0.880155256817004,0.587118640747197,0.40832192454361,0.306795242405708,0.302205470815512,87.8368320286929
"115","QAT",0.557419956587528,200.769111111842,243.553108343884,168.063730217669,98.6474299032777,65.4587734866874,43.5885742436634,32.3018028824794,24.6820270265665,18.2216988977888,13.4358644138713,10.1457383584357,7.71015119668719,6.16392354042179,5.20121704399708,5.33883566823791,943.839406292097
"116","ROU",0.134282784338423,15.4545549703842,24.8208687181199,25.4442325844691,20.5678127320724,13.3042829833444,7.78049599562492,4.87159856304613,3.46878246433422,2.67196028512701,2.12239250466665,1.75673268563445,1.48418970817258,1.27593415795,1.1366184503562,1.32404479514426,127.618784382785
"117","RUS",1.02623685816682,33.4037242409082,51.0150197714049,54.5579972950783,45.7363191294269,28.2693306170509,14.0759245299162,7.83603503534302,5.05612274282951,3.40479319927833,2.46320109915969,1.87495535782165,1.46368306374749,1.19985568912174,1.03061964238677,1.28901920920993,253.70283748085
"118","RWA",0.294513274511754,34.3277484359075,55.2154515443119,47.8342770198617,29.2052209530643,21.0427014451565,15.8899195271118,12.7593473513572,10.7243665753535,9.00355747597639,7.4946017323421,6.30278470199116,5.12386125929986,4.30416204466464,3.81472439601621,3.89624372290653,267.233481459833
"119","SAU",2.60380754828974,240.892604715436,343.768146833333,213.693638442632,121.043166734372,65.1843713619413,38.5860534423796,25.5014522800687,18.0056562472874,12.8661738034326,9.49539703180194,7.2479108853765,5.70248725396781,4.63148982269393,3.9068272066913,4.4664717291478,1117.59565533885
"120","SDN",0,422.549556390176,716.26978074935,392.853652899544,200.067037472109,89.5135918742891,40.7297207109237,20.7386684573205,11.6223466464887,6.96130462232026,4.89156789860611,3.66220697893917,2.92912469254278,2.20339650367782,1.79843962372161,1.69578285885048,1918.48617837886
"121","SEN",0,73.7742320358173,192.107341750142,175.586927298634,71.1240142918094,31.7523912457467,22.3372358370692,14.4590628989317,8.05133530280226,4.53009693286293,2.66820146669294,1.73451653725078,1.16593884350108,0.785436220820224,0.537856629092777,0.523156577803833,601.137743868978
"122","SGP",0.00202090956702059,45.5770214480183,95.8115666824225,97.3806922857253,82.7907342554575,56.3194079391598,40.669499454315,31.4886644671118,25.5448526276689,20.1726898701658,16.3491408414245,13.1169961366694,10.2260998129616,7.98301452755532,6.49838274154198,6.52538019132534,556.45616419109
"123","SLV",2.65912131875873,58.9261415341343,40.6925462825352,16.7842340402678,6.85248918973118,2.9015062407272,1.54883663805702,0.910263450219754,0.553441296774091,0.361213241326551,0.242744051531027,0.173839693350059,0.12436205940624,0.0947091760894418,0.083997563022837,0.0853491175122995,132.994794893444
"124","SRB",0.0649474068870992,13.5683576567552,33.7418140118939,57.0510985431387,50.3559202671839,28.0321893243003,14.7484243255115,8.38431703550762,5.84161120432453,4.48951522901435,3.48971574550272,2.82498922529368,2.24005305287727,1.76108710875652,1.42516118579363,1.50764975063462,229.526851073376
"125","SUR",0,16.0815378893632,28.759766751427,20.5759154397923,7.80824273933965,3.36957246127407,1.90340185351313,1.20370586189478,0.72899420017348,0.473425484801734,0.308582784286274,0.195573752109984,0.126104818606213,0.0755542960950582,0.0516381847272477,0.0336811541670628,81.6956976715711
"126","SVK",0.0151113529580456,5.68061747971837,15.7308682038745,16.5867760826572,11.9242173323622,6.92300025862034,3.52321050536316,1.93566890481558,1.25434656742376,0.923344839140115,0.697714228864068,0.555299637840861,0.461481189212053,0.388218098054815,0.335498970127158,0.354256575786379,67.2896302268186
"127","SVN",0.00867465328386127,0.223794748678016,15.1911042472951,50.4815841208598,47.3869824241015,23.4002019521565,10.4551564858505,6.19187478219519,4.39791848961845,3.52651415434004,2.90734588479686,2.37780932408138,1.92686646517604,1.54521652946436,1.31884491046566,1.34724440739685,172.68713357976
"128","SWE",1.74765674692713,28.5765402657803,22.6270924706427,12.8221587432688,6.91388806329079,3.55962692237341,1.85666170594171,1.11039139371812,0.745924043664292,0.514949163804828,0.381370042752704,0.290665424596204,0.231889092960686,0.196047629759731,0.17838873964589,0.267577421275371,82.0208278704027
"129","SYR",0.805848894563899,61.6421175283772,93.9977937208261,64.1543582526436,33.0227630358141,18.1910624726773,10.9113078082312,7.13741582592251,5.01297131999575,3.61234827781771,2.70755903560949,2.10445721400024,1.6640186456814,1.35659082972894,1.17137993108237,1.56067913089869,309.05267192387
"130","TCD",0,107.466643627073,199.333052444948,144.97476479593,74.9046902945042,44.1148598127525,22.6611437094208,11.364889704547,6.26259002208393,3.66587570880736,2.57965095536602,1.84197465419241,1.50424128982122,1.23528741653323,1.20437281339682,2.30469793954851,625.418735188925
"131","TGO",0.000562987450506454,5.49974009339269,49.5960204433452,53.0900326073979,33.8885601795027,15.3911076367371,6.87445825666952,3.17279911967888,1.6019412376778,0.868977255495623,0.512826072061993,0.338886322072422,0.250098298181652,0.18935528190148,0.141409899572101,0.153505987998598,171.570281679136
"132","THA",0.319788846659923,52.8897763921704,56.3077419600695,31.5620581840323,18.5548677084404,11.4833179538566,7.15342854242235,4.80463992818626,3.42865134869425,2.49876210871226,1.90615024064301,1.5208266141828,1.22830179452724,1.03318787591145,0.90899639903162,1.21664910683844,196.817145004379
"133","TJK",0,0,13.4036677060162,14.0052422743261,5.15737926199725,2.82151743686744,1.9770204166937,1.2217913344063,0.795664827555487,0.56049293240598,0.38839146570739,0.286526269321513,0.224342156300836,0.185373205114166,0.149963945943591,0.150230668741801,41.3276039013978
"134","TKM",16.0943937749525,517.947070306901,584.391394055292,289.444648513946,191.080933485002,127.952621655562,80.6030657551831,53.1335324330655,37.3257726197027,26.088374767094,19.236709574079,14.4799587702106,11.3763537245054,9.14647843574647,7.73429911270872,9.78805680256039,1995.82366378651
"135","TTO",0,55.5077500365303,60.4750507737641,52.9958872156571,21.3284460697535,10.6413292630717,11.3529868865391,13.1650636323808,14.1555571963111,15.2582492606769,16.4783158870003,17.8807530361418,19.2435413665146,20.7915347706557,22.8932534245841,59.7115442258214,411.879263045402
"136","TUN",2.88136222730689,65.0400252430961,74.0260439353614,47.7948562590314,26.609777066576,15.6824116894759,9.06221840436729,5.73078121967734,3.90003364999499,2.6550028162724,1.91637121436839,1.43894264295121,1.14281735510384,0.962651618909741,0.824389266299208,1.04759627222091,260.715280881013
"137","TUR",0.778045109450406,18.6836650118824,41.8194172470271,37.890093654566,21.8561456637537,11.1048083642307,5.90583999233338,3.62937816180578,2.5423980772441,1.83554035348421,1.37229591268679,1.06951764593618,0.8536503484834,0.707502326052045,0.613172516782042,0.790833641902843,151.452304027621
"138","TWN",2.61633027416167,51.2204155739901,75.7056360117533,65.9124961885099,46.6570947034188,30.7936361922144,20.1973866316467,15.2152991295028,11.9107162003716,8.98375301665829,6.8998428816334,5.28824450619324,4.09289096609295,3.29934752500045,2.76484889083818,3.08130206980201,354.639240761788
"139","TZA",0.00814852854826158,37.1047273515104,139.118420870951,133.679808301019,66.1151764612296,21.2782272029258,11.9646523480553,7.26343634339761,3.62206246417742,1.94237565078188,1.14590302450687,0.742907911344393,0.525987330909293,0.390492349609899,0.342960724662219,0.385648802225739,425.630935665855
"140","UGA",0.0162187470845565,247.859742380951,285.52714436112,121.702294531617,67.8112744234026,44.1036174167096,29.1693948128526,20.5737158646911,14.35701328541,10.5575834986454,8.1032475166285,6.44119701286281,5.22015110521064,4.49427458829239,4.01411143063187,5.67882760416203,875.629808580272
"141","UKR",0.597225580402099,14.8014700647731,26.9204828086674,22.92633712856,15.211312835501,9.0926295526789,4.63947112535692,2.64922311146461,1.73573743881531,1.15742871123111,0.802832613417669,0.587423039425895,0.441756366468885,0.34599233212879,0.284879010130225,0.278826503912186,102.473028222934
"142","URY",0.458261035203561,31.4772073360201,19.8015228178916,8.47631408867732,3.57234822056003,1.69414415238469,1.01905574476793,0.612723969962477,0.353902482107716,0.217600340440011,0.147570336579028,0.106033203084036,0.0830997662317852,0.0639386057925224,0.0534767112832537,0.0759882320385949,68.2131870430247
"143","USA",3.33466211757032,62.4802914730844,56.2905197986133,39.5023190517376,23.8352818305342,14.2697920294704,8.64731379744059,5.57986405857415,3.90566659846032,2.84691529245131,2.16791771278483,1.72724848244519,1.41703637435315,1.20850766368768,1.07458280678357,1.43773956392796,229.725658651919
"144","UZB",8.53846276060018,283.889211616221,313.071118908746,170.801522530192,251.702571645196,215.351217131576,124.13151927025,75.6862128995067,48.6592406055917,31.5509971019573,22.7511934807148,17.0644434670247,13.2537901554907,10.7477590630842,9.14175806758587,10.4784090802255,1606.81942778396
"145","VEN",1.31075296026018,42.2692029605608,71.8006876421347,56.3298631446549,27.4764428586558,13.3839918609222,7.57031845052035,4.73801996581333,3.17872214729537,2.20876182041784,1.64521161247615,1.28412185951422,1.04068224381535,0.887352112402285,0.804725782281913,1.24164765770311,237.170505079429
"146","VNM",0.951396836243511,19.2768578786951,40.9271532054781,42.4981549628818,30.2443970869531,16.6746135469835,9.33632962788913,6.41928477194056,4.66630156960763,3.18791711828656,2.2253974140789,1.63928526805601,1.22990697538857,0.961604613342096,0.787186121819978,0.942980898621902,181.968767896266
"147","YEM",0.0696739202854003,12.4750301271164,32.9829330791999,29.7658310065317,14.3909783136962,7.01189234182424,4.80935357583331,3.1700461664634,1.97684622222772,1.30177277236424,0.846498259167291,0.554815462657722,0.385848370410394,0.291600049064685,0.222227484801799,0.211020172262735,110.466367323907
"148","ZAF",0.0478000813893393,3.47483487507089,21.2358166725517,47.100779247807,44.7785833425014,28.7566376367399,16.3691802609637,10.2175288749847,6.9739843052954,4.98403497487312,3.70893497571531,2.83313468050282,2.24867026892824,1.87355633305171,1.63359481854924,1.80744178872029,198.044513137645
"149","ZMB",0,0,9.13522117658763,13.1729796134815,11.5997503140267,6.62479913033951,3.65500542148401,2.49604369245987,1.90781005584628,1.40859274515078,1.02457929878029,0.770842997542545,0.590312426637011,0.479493824898805,0.40622111193452,0.466482132983864,53.7381339421534
"150","ZWE",0,0,15.2311656769859,19.5874770322791,12.9153427719496,6.42168719580372,3.63358828892386,2.11167800793271,1.35733380299487,0.777956442860963,0.481747887138411,0.321495334741594,0.217689794209385,0.15654847772123,0.128937191757502,0.200568208174044,63.5432161134729
